url,url_length,is_ip,url_has_at_char,number_of_dots,is_https,domain_age,page_rank,url_redirection,domain_has_dash_char,url_has_https_token,has_DNS_record,A_records,avg_ttl,asn_count,AAAA_records,avg_AAAA_ttl,has_iframe,most_frequent_domain_in_anchor,most_frequent_domain_in_link,most_frequent_domain_in_source,common_page_rate,footer_common_page_rate,has_anchor_in_body,null_link_ratio,footer_null_link_ratio,
https://www.google.com,22,False,False,2,True,807881597.619564,10,False,False,False,True,1,270.0,1,1,31.0,False,True,True,True,0.05263157894736842,0,True,0.0,0,
https://youtube.com,19,False,False,1,True,573736808.81445,10,False,False,False,True,1,244.0,1,1,297.0,True,False,False,True,0.14285714285714285,0,True,0.0,0,
https://www.blogger.com,23,False,False,2,True,752104124.1496301,7.51,False,False,False,True,1,146.0,1,1,266.0,False,True,True,True,0.1875,0.1111111111111111,True,0.0,0.0,
https://apple.com,17,False,False,1,True,1141468407.357431,7.92,False,False,False,True,1,689.0,1,1,605.0,False,True,False,True,0.02727272727272727,0.02857142857142857,True,0.0,0.0,
https://microsoft.com,21,False,False,1,True,1009020810.5364411,8.14,False,False,False,True,5,2542.0,1,0,0,False,False,True,True,1.0,0,True,0.0,0,
https://play.google.com,23,False,False,2,True,807881614.0622721,9.19,False,False,False,True,1,136.0,1,1,287.0,False,True,True,True,0.025806451612903226,0.08333333333333333,True,0.0,0.0,
https://support.google.com,26,False,False,2,True,807881617.549129,9.24,False,False,False,True,1,84.0,1,1,296.0,False,True,True,True,0.011111111111111112,0.5,True,0.0,0.0,
https://linkedin.com,20,False,False,1,True,645926129.7205939,10,False,False,False,True,1,124.0,1,1,296.0,False,False,False,True,0.008333333333333333,0.1111111111111111,True,0.0,0.0,
https://en.wikipedia.org,24,False,False,2,True,702836489.9692199,9.13,False,False,False,True,1,439.0,1,1,39.0,False,True,True,True,0.015723270440251572,0.06666666666666667,True,0.0,0.0,
https://wordpress.org,21,False,False,1,True,633363971.7213709,8.97,False,False,False,True,1,597.0,1,0,0,True,True,True,True,0.0641025641025641,0.07407407407407407,True,0.0,0.0,
https://youtu.be,16,False,False,1,True,0,9.27,False,False,False,True,1,296.0,1,1,296.0,True,False,False,True,0.14285714285714285,0,True,0.0,0,
https://cloudflare.com,22,False,False,1,True,447269159.39750195,7.78,False,False,False,True,2,73.0,1,2,73.0,False,True,False,True,0.038135593220338986,0,True,0.0,0,
https://maps.google.com,23,False,False,2,True,807881637.1192031,9.54,False,False,False,True,1,201.0,1,1,201.0,False,False,True,True,1.0,0,True,0.0,0,
https://docs.google.com,23,False,False,2,True,807881640.9705231,8.85,False,False,False,True,1,296.0,1,1,255.0,False,True,True,True,0.16666666666666666,0.3333333333333333,True,0.0,0.0,
https://whatsapp.com,20,False,False,1,True,461645692.0116129,6.75,False,False,False,True,1,57.0,1,1,57.0,False,False,False,True,0.13043478260869565,0.14705882352941177,True,0.0,0.0,
https://sites.google.com,24,False,False,2,True,807881648.104419,8.25,False,False,False,True,1,296.0,1,1,296.0,False,True,True,True,0.16666666666666666,0.3333333333333333,True,0.0,0.0,
https://adobe.com,17,False,False,1,True,1149593651.030764,7.72,False,False,False,True,2,17.0,1,2,17.0,False,True,True,True,0,0,False,0,0,
https://mozilla.org,19,False,False,1,True,796563254.5701649,7.94,False,False,False,True,3,612.0,1,0,0,False,True,False,True,0.025974025974025976,0.05555555555555555,True,0.0,0.0,
https://plus.google.com,23,False,False,2,True,807881659.204663,9.25,False,False,False,True,1,295.0,1,1,295.0,False,True,True,True,0.16666666666666666,0.3333333333333333,True,0.0,0.0,
https://accounts.google.com,27,False,False,2,True,807881662.8551021,8.29,False,False,False,True,1,191.0,1,1,129.0,False,True,True,True,0.16666666666666666,0.3333333333333333,True,0.0,0.0,
https://europa.eu,17,False,False,1,True,0,7.04,False,False,False,True,2,296.0,1,2,296.0,False,True,True,True,0.037037037037037035,0,True,0.0,0,
https://drive.google.com,24,False,False,2,True,807881671.541446,8.79,False,False,False,True,1,108.0,1,1,54.0,False,True,True,True,0.16666666666666666,0.3333333333333333,True,0.0,0.0,
https://t.me,12,False,False,1,True,407796243.839936,7.99,False,False,False,True,1,163.0,1,1,563.0,False,True,True,True,0.06557377049180328,0,True,0.01639344262295082,0,
https://facebook.com,20,False,False,1,True,822566078.593291,10,False,False,False,True,1,21.0,1,1,297.0,False,True,False,True,0.06666666666666667,0,True,0.06666666666666667,0,
https://github.com,18,False,False,1,True,490223631.2977209,8.8,False,False,False,True,1,57.0,1,0,0,False,True,False,True,0.05504587155963303,0.04878048780487805,True,0.0,0.0,
https://uol.com.br,18,False,False,2,True,851873683.512157,5.91,False,False,False,True,1,58.0,1,2,57.0,False,False,False,True,0.011272141706924315,0.12962962962962962,True,0.0,0.0,
https://vk.com,14,False,False,1,True,815052888.68135,8.36,False,False,False,True,6,851.0,1,0,0,False,True,True,True,0.09090909090909091,0,True,0.0,0,
https://policies.google.com,27,False,False,2,True,807881691.765058,8.55,False,False,False,True,1,248.0,1,1,248.0,False,True,True,True,0.15151515151515152,0,True,0.0,0,
https://vimeo.com,17,False,False,1,True,579081360.577976,8.84,False,False,False,True,2,208.0,1,0,0,False,True,True,True,0.03636363636363636,0.01694915254237288,True,0.00909090909090909,0.0,
https://search.google.com,25,False,False,2,True,807881698.3977289,7.14,False,False,False,True,1,16.0,1,1,74.0,False,True,True,True,0.05263157894736842,0,True,0.0,0,
https://opera.com,17,False,False,1,True,758115303.9235499,7.47,False,False,False,True,2,594.0,1,0,0,True,True,False,True,0.041666666666666664,0.038461538461538464,True,0.0,0.0,
https://shopify.com,19,False,False,1,True,571659424.1966031,7.23,False,False,False,True,1,56.0,1,0,0,False,True,False,True,0.029661016949152543,0.03636363636363636,True,0.0,0.0,
https://dropbox.com,19,False,False,1,True,877865712.5454481,7.86,False,False,False,True,1,54.0,1,1,54.0,False,False,False,True,0.036231884057971016,0.02702702702702703,True,0.0,0.0,
https://globo.com,17,False,False,1,True,767964915.5552349,5.66,False,False,False,True,1,57.0,1,0,0,True,False,False,True,0.011428571428571429,0,True,0.002857142857142857,0,
https://google.de,17,False,False,1,True,0,7.76,False,False,False,True,1,297.0,1,1,297.0,False,True,True,True,0.05,0,True,0.0,0,
https://medium.com,18,False,False,1,True,785936121.073714,8.55,False,False,False,True,2,297.0,1,2,297.0,False,True,False,True,0.019230769230769232,0,True,0.0,0,
https://live.com,16,False,False,1,True,893590523.606704,5.48,False,False,False,True,1,847.0,1,0,0,True,False,False,True,0.16129032258064516,1.0,True,0.0,0.0,
https://theguardian.com,23,False,False,1,True,908710526.3971021,7.95,False,False,False,True,4,2649.0,1,0,0,False,False,False,True,0.010582010582010581,0.3333333333333333,True,0.0,0.0,
https://tiktok.com,18,False,False,1,True,844256131.3943391,7.99,False,False,False,True,4,55.0,1,0,0,False,True,False,True,0.0625,0,True,0.0,0,
https://nytimes.com,19,False,False,1,True,923312135.421699,8.32,False,False,False,True,4,116.0,1,0,0,True,True,False,True,0.02287581699346405,0.0625,True,0.0,0.0,
https://msn.com,15,False,False,1,True,897737738.602746,6.95,False,False,False,True,1,2648.0,1,0,0,False,True,False,True,0.034782608695652174,0,True,0.017391304347826087,0,
https://ok.ru,13,False,False,1,True,772070170.3608899,6.65,False,False,False,True,3,236.0,1,0,0,True,True,True,True,0.07692307692307693,0.07692307692307693,True,0.0,0.0,
https://files.wordpress.com,27,False,False,2,True,730092202.209254,3.51,False,False,False,True,1,819.0,1,0,0,False,False,False,True,0.06741573033707865,0.1111111111111111,True,0.02247191011235955,0.1111111111111111,
https://gravatar.com,20,False,False,1,True,592252740.7815821,6.92,False,False,False,True,4,20.0,1,0,0,False,True,True,True,0.1,0.5,True,0.05,0.0,
https://slideshare.net,22,False,False,1,True,537984650.377528,8.15,False,False,False,True,4,56.0,1,0,0,False,True,False,True,0.3046875,0.07142857142857142,True,0.3046875,0.07142857142857142,
https://jimdofree.com,21,False,False,1,True,161921750.38481498,3.44,False,False,False,True,4,556.0,1,0,0,False,True,True,True,0.05555555555555555,0.05,True,0.0,0.0,
https://wikimedia.org,21,False,False,1,True,634374853.0255871,5.63,False,False,False,True,1,596.0,1,1,596.0,False,False,False,True,0.08695652173913043,0,True,0.0,0,
https://www.weebly.com,22,False,False,2,True,538585916.8532839,6.55,False,False,False,True,2,106.0,1,0,0,False,True,True,True,0.08247422680412371,0.01818181818181818,True,0.0,0.0,
https://bbc.co.uk,17,False,False,2,True,843320226.8417399,8.1,False,False,False,True,4,297.0,1,4,297.0,False,True,False,True,0.02976190476190476,0.043478260869565216,True,0.0,0.0,
https://forbes.com,18,False,False,1,True,941888230.088531,8,False,False,False,True,4,6218.0,1,0,0,False,False,False,True,0.01951219512195122,0.014598540145985401,True,0.0,0.0,
https://news.google.com,23,False,False,2,True,807881833.411125,7.71,False,False,False,True,1,77.0,1,1,77.0,False,True,False,True,0.06451612903225806,0,True,0.0,0,
https://nih.gov,15,False,False,1,True,0,6.3,False,False,False,True,1,296.0,1,0,0,True,True,False,True,0.016042780748663103,0.06666666666666667,True,0.0053475935828877,0.0,
https://creativecommons.org,27,False,False,1,True,702603936.7385161,8.49,False,False,False,True,3,296.0,1,3,296.0,True,True,True,True,0.05,0.14285714285714285,True,0.016666666666666666,0.0,
https://line.me,15,False,False,1,True,472685775.95042706,6.53,False,False,False,True,1,296.0,1,0,0,True,True,True,True,0.1111111111111111,0.041666666666666664,True,0.1111111111111111,0.0,
https://paypal.com,18,False,False,1,True,750161118.213151,8.32,False,False,False,True,2,296.0,1,0,0,False,False,False,True,0.043478260869565216,0.06666666666666667,True,0.014492753623188406,0.0,
https://google.es,17,False,False,1,True,0,6.64,False,False,False,True,1,297.0,1,1,297.0,False,True,True,True,0.05,0,True,0.0,0,
https://google.com.br,21,False,False,2,True,755192254.2813029,6.42,False,False,False,True,1,235.0,1,1,96.0,False,True,True,True,0.05263157894736842,0,True,0.0,0,
https://google.co.jp,20,False,False,2,True,0,7.33,False,False,False,True,1,297.0,1,1,297.0,False,True,True,True,0.05,0,True,0.0,0,
https://dailymotion.com,23,False,False,1,True,571252105.0981071,7.28,False,False,False,True,1,6218.0,1,0,0,True,True,False,True,0,0,False,0,0,
https://fr.wikipedia.org,24,False,False,2,True,702836732.0623031,6.89,False,False,False,True,1,197.0,1,1,405.0,False,True,True,True,0.016366612111292964,0.125,True,0.0,0.0,
https://www.yahoo.com,21,False,False,2,True,891776269.880882,7.36,False,False,False,True,4,26.0,1,4,56.0,False,True,True,True,0.02586206896551724,0,True,0.0,0,
https://es.wikipedia.org,24,False,False,2,True,702836738.708225,6.87,False,False,False,True,1,191.0,1,1,398.0,False,True,True,True,0.011428571428571429,0.07142857142857142,True,0.0,0.0,
https://developers.google.com,29,False,False,2,True,807881875.8160231,8.75,False,False,False,True,1,253.0,1,1,253.0,True,True,True,True,0.03932584269662921,0,True,0.011235955056179775,0,
https://cnn.com,15,False,False,1,True,933507478.361304,7.28,False,False,False,True,4,57.0,1,8,297.0,False,False,False,True,0.022388059701492536,0.042735042735042736,True,0.022388059701492536,0.042735042735042736,
https://feedburner.com,22,False,False,1,True,611836076.710716,5.93,False,False,False,True,1,297.0,1,1,297.0,False,True,False,True,0,0,False,0,0,
https://pt.wikipedia.org,24,False,False,2,True,702836750.5078771,6.19,False,False,False,True,1,179.0,1,1,386.0,False,True,True,True,0.008278145695364239,0.09090909090909091,True,0.0,0.0,
https://who.int,15,False,False,1,True,0,7.54,False,False,False,True,1,897.0,1,0,0,True,True,True,True,0.013043478260869565,0.03225806451612903,True,0.004347826086956522,0.0,
https://draft.blogger.com,25,False,False,2,True,752104411.91855,5.54,False,False,False,True,1,227.0,1,1,296.0,False,True,True,True,0.1875,0.1111111111111111,True,0.0,0.0,
https://enable-javascript.com,29,False,False,1,True,429127374.455595,5.88,False,True,False,True,1,296.0,1,0,0,False,True,True,True,0.14814814814814814,0,True,0.0,0,
https://tools.google.com,24,False,False,2,True,807881899.6325569,7.54,False,False,False,True,1,178.0,1,1,178.0,True,True,True,True,0.1360544217687075,0.0625,True,0.10204081632653061,0.03125,
https://hatena.ne.jp,20,False,False,2,True,0,5.27,False,False,False,True,2,54.0,1,0,0,True,False,True,True,0.09259259259259259,0.058823529411764705,True,0.0,0.0,
https://samsung.com,19,False,False,1,True,896096312.6975069,7.06,False,False,False,True,1,294.0,1,0,0,False,True,True,True,0.016233766233766232,0.06944444444444445,True,0.003246753246753247,0.0,
https://mail.ru,15,False,False,1,True,806807111.1000531,5.64,False,False,False,True,4,55.0,1,1,55.0,False,False,False,True,0.023952095808383235,0,True,0.005988023952095809,0,
https://goo.gl,14,False,False,1,True,0,8.79,False,False,False,True,1,296.0,1,1,296.0,True,False,False,True,0.06153846153846154,0,True,0.0,0,
https://thesun.co.uk,20,False,False,2,True,818177923.4639709,6.5,False,False,False,True,1,297.0,1,0,0,False,False,True,True,0.02072538860103627,0.25,True,0.0051813471502590676,0.0,
https://google.co.uk,20,False,False,2,True,763231126.301549,7.34,False,False,False,True,1,297.0,1,1,297.0,False,True,True,True,0.05,0,True,0.0,0,
https://abril.com.br,20,False,False,2,True,881595529.0462029,5.02,False,False,False,True,1,597.0,1,0,0,True,False,True,True,0.07692307692307693,0,True,0.0,0,
https://amazon.co.jp,20,False,False,2,True,0,7.47,False,False,False,True,3,56.0,1,0,0,False,True,False,True,0.09375,0,True,0.09375,0,
https://telegraph.co.uk,23,False,False,2,True,843320337.7462101,7.31,False,False,False,True,4,56.0,1,0,0,False,True,True,True,0.014970059880239521,0.04,True,0.005988023952095809,0.0,
https://pinterest.com,21,False,False,1,True,422918257.9705279,8.92,False,False,False,True,4,299.0,1,0,0,False,False,False,True,1.0,0,True,0.0,0,
https://fandom.com,18,False,False,1,True,837175144.5097041,5.72,False,False,False,True,2,56.0,1,0,0,True,False,False,True,0.038834951456310676,0.07407407407407407,True,0.019417475728155338,0.0,
https://netvibes.com,20,False,False,1,True,754909101.898598,5.92,False,False,False,True,1,795.0,1,0,0,False,True,False,True,0.2,0,True,0.0,0,
https://huffpost.com,20,False,False,1,True,571703523.331408,6.75,False,False,False,True,4,56.0,1,0,0,False,False,False,True,0.04745762711864407,0.043478260869565216,True,0.0,0.0,
https://twitter.com,19,False,False,1,True,733709459.401588,10,False,False,False,True,1,509.0,1,0,0,False,True,False,True,0.16666666666666666,0,True,0.0,0,
https://bing.com,16,False,False,1,True,859289959.336364,8.05,False,False,False,True,2,101.0,1,1,452.0,False,True,False,True,0.5,0,True,0.0,0,
https://afternic.com,20,False,False,1,True,760876764.238168,5.55,False,False,False,True,1,558.0,1,0,0,True,True,True,True,0.12307692307692308,0,True,0.0,0,
https://nasa.gov,16,False,False,1,True,0,7.54,False,False,False,True,2,597.0,1,2,597.0,True,True,True,True,0,0,False,0,0,
https://indiatimes.com,22,False,False,1,True,833542772.2628479,5.76,False,False,False,True,1,15.0,1,2,15.0,True,True,True,True,0.02608695652173913,0.02564102564102564,True,0.0,0.0,
https://youronlinechoices.com,29,False,False,1,True,447021680.7871349,6.4,False,False,False,True,1,556.0,1,0,0,False,True,True,True,0.024390243902439025,0,True,0.0,0,
https://aboutads.info,21,False,False,1,True,427497746.782686,6.85,False,False,False,True,4,56.0,1,0,0,False,True,False,True,0.06451612903225806,0.25,True,0.0,0.0,
https://independent.co.uk,25,False,False,2,True,843320383.528724,6.95,False,False,False,True,4,297.0,1,0,0,True,True,True,True,0.014492753623188406,0.13513513513513514,True,0.0,0.0,
https://booking.com,19,False,False,1,True,789392390.9585819,7.04,False,False,False,True,1,5381.0,1,0,0,True,True,False,True,0.008849557522123894,0,True,0.008849557522123894,0,
https://reuters.com,19,False,False,1,True,943097995.488236,7.36,False,False,False,True,1,295.0,1,0,0,False,True,True,True,0.07878787878787878,0.02631578947368421,True,0.0,0.0,
https://hugedomains.com,23,False,False,1,True,614553325.7737529,5.51,False,False,False,True,3,296.0,1,3,296.0,False,False,False,True,0.06557377049180328,0.1,True,0.0,0.0,
https://myaccount.google.com,28,False,False,2,True,807882002.37409,7.41,False,False,False,True,1,296.0,1,1,296.0,False,True,False,True,0.13333333333333333,0.16666666666666666,True,0.0,0.0,
https://discord.com,19,False,False,1,True,708670466.844743,7.41,False,False,False,True,5,93.0,1,0,0,True,True,True,True,0.0975609756097561,0,True,0.0,0,
https://adssettings.google.com,30,False,False,2,True,807882011.0667,6.22,False,False,False,True,1,1.0,1,1,60.0,False,True,True,True,0.18181818181818182,0,True,0.0,0,
https://telegram.me,19,False,False,1,True,293119496.9798889,6.55,False,False,False,True,1,107.0,1,1,507.0,False,True,True,True,0.06557377049180328,0,True,0.01639344262295082,0,
https://wa.me,13,False,False,1,True,433736358.823375,7.07,False,False,False,True,1,57.0,1,1,57.0,False,False,False,True,0.16666666666666666,0.14705882352941177,True,0.0,0.0,
https://bit.ly,14,False,False,1,True,471116421.516546,8.82,False,False,False,True,2,271.0,1,0,0,True,False,False,True,0.14563106796116504,0.047619047619047616,True,0.038834951456310676,0.0,
https://mediafire.com,21,False,False,1,True,653098149.006072,7.42,False,False,False,True,2,296.0,1,0,0,True,True,True,True,0.16666666666666666,0.125,True,0.16666666666666666,0.0,
https://bloomberg.com,21,False,False,1,True,932902828.795207,7.64,False,False,False,True,2,1196.0,1,0,0,False,True,True,True,0.5,0,True,0.0,0,
https://time.com,16,False,False,1,True,928496432.1464009,7.48,False,False,False,True,4,34.0,1,0,0,True,True,True,True,0.018779342723004695,0.021739130434782608,True,0.004694835680751174,0.0,
https://wikia.com,17,False,False,1,True,611253122.925957,5.73,False,False,False,True,4,573.0,1,4,573.0,True,False,False,True,0.03125,0.07407407407407407,True,0.015625,0.0,
https://news.yahoo.com,22,False,False,2,True,891776438.8758769,6.94,False,False,False,True,1,56.0,1,1,56.0,True,True,False,True,0.03529411764705882,0,True,0.0,0,
https://google.fr,17,False,False,1,True,717529242.3991921,6.69,False,False,False,True,1,296.0,1,1,296.0,False,True,True,True,0.05,0,True,0.0,0,
https://cdc.gov,15,False,False,1,True,0,7.56,False,False,False,True,2,5381.0,1,0,0,False,False,True,True,0.02185792349726776,0.039473684210526314,True,0.0273224043715847,0.0,
https://it.wikipedia.org,24,False,False,2,True,702836917.7050459,6.35,False,False,False,True,1,12.0,1,1,219.0,False,True,True,True,0.009302325581395349,0.09090909090909091,True,0.0,0.0,
https://photos.google.com,25,False,False,2,True,807882054.951751,6.69,False,False,False,True,1,296.0,1,1,296.0,True,True,False,True,0.16,0,True,0.04,0,
https://aliexpress.com,22,False,False,1,True,536966654.2466719,6.47,False,False,False,True,2,595.0,1,0,0,False,False,False,True,0.06666666666666667,0,True,0.0,0,
https://estadao.com.br,22,False,False,2,True,810834062.79617,5.66,False,False,False,True,2,17.0,1,0,0,True,False,True,True,0.012690355329949238,0.06666666666666667,True,0.0,0.0,
https://domainmarket.com,24,False,False,1,True,739343159.0033481,5.02,False,False,False,True,2,296.0,1,2,296.0,True,False,False,True,0.08,0.1,True,0.02666666666666667,0.0,
https://washingtonpost.com,26,False,False,1,True,865942878.2621341,7.66,False,False,False,True,1,6.0,1,0,0,False,False,False,True,0.013856812933025405,0.038461538461538464,True,0.0,0.0,
https://tinyurl.com,19,False,False,1,True,670069422.031213,8.17,False,False,False,True,3,37.0,1,3,145.0,True,True,True,True,0,0,False,0,0,
https://foxnews.com,19,False,False,1,True,878470886.888722,6.93,False,False,False,True,1,579.0,1,0,0,False,False,False,True,0.015082956259426848,1.0,True,0.007541478129713424,1.0,
https://terra.com.br,20,False,False,2,True,769797690.134373,5.7,False,False,False,True,1,717.0,1,0,0,False,False,False,True,0.031446540880503145,0,True,0.0,0,
https://amazon.es,17,False,False,1,True,0,6.6,False,False,False,True,3,56.0,1,0,0,False,True,False,True,0.024793388429752067,0,True,0.024793388429752067,0,
https://change.org,18,False,False,1,True,891776498.868079,6.76,False,False,False,True,2,579.0,1,0,0,False,True,False,True,0.07407407407407407,0.058823529411764705,True,0.0,0.0,
https://google.pl,17,False,False,1,True,649737701.9038529,6.41,False,False,False,True,1,297.0,1,1,297.0,False,True,True,True,0.05,0,True,0.0,0,
https://soundcloud.com,22,False,False,1,True,559890487.1337559,8.3,False,False,False,True,4,56.0,1,0,0,False,True,False,True,0.1111111111111111,0,True,0.0,0,
https://picasaweb.google.com,28,False,False,2,True,807882111.6468811,6.63,False,False,False,True,1,295.0,1,1,295.0,False,True,True,True,0.16666666666666666,0.3333333333333333,True,0.0,0.0,
https://w3.org,14,False,False,1,True,908710914.3111451,8.04,False,False,False,True,1,581.0,1,1,581.0,False,True,True,True,0.026785714285714284,0,True,0.0,0,
https://mail.google.com,23,False,False,2,True,807882118.486439,8.24,False,False,False,True,1,269.0,1,1,161.0,False,True,True,True,0.16666666666666666,0.3333333333333333,True,0.0,0.0,
https://wp.com,14,False,False,1,True,822652921.356663,4.8,False,False,False,True,2,5227.0,1,0,0,False,False,False,True,0.06741573033707865,0.1111111111111111,True,0.02247191011235955,0.1111111111111111,
https://huffingtonpost.com,26,False,False,1,True,571703695.418236,7.25,False,False,False,True,4,56.0,1,0,0,False,False,False,True,0.04745762711864407,0.043478260869565216,True,0.0,0.0,
https://www.gov.uk,18,False,False,2,True,843320530.047276,7.13,False,False,False,True,1,26.0,1,1,26.0,False,True,True,True,0.02702702702702703,0.029411764705882353,True,0.009009009009009009,0.0,
https://cnet.com,16,False,False,1,True,919334533.825587,7.07,False,False,False,True,1,296.0,1,0,0,False,True,False,True,0.020833333333333332,0.038461538461538464,True,0.0,0.0,
https://nature.com,18,False,False,1,True,905600538.1795549,7.22,False,False,False,True,1,5381.0,1,0,0,True,True,True,True,0.02,0.023255813953488372,True,0.006666666666666667,0.0,
https://4shared.com,19,False,False,1,True,576747306.816895,6.03,False,False,False,True,4,580.0,1,0,0,False,False,False,True,0.03076923076923077,0,True,0.023076923076923078,0,
https://get.google.com,22,False,False,2,True,807882145.7279029,6.29,False,False,False,True,1,261.0,1,1,261.0,False,True,True,True,0.05263157894736842,0,True,0.0,0,
https://cbsnews.com,19,False,False,1,True,900934949.816936,6.95,False,False,False,True,4,56.0,1,0,0,True,False,False,True,0.02857142857142857,0.06666666666666667,True,0.02857142857142857,0.06666666666666667,
https://businessinsider.com,27,False,False,1,True,793017752.9299741,7.62,False,False,False,True,4,5196.0,1,0,0,True,True,True,True,0.035398230088495575,0.05263157894736842,True,0.0029498525073746312,0.0,
https://office.com,18,False,False,1,True,757597355.8519709,6.02,False,False,False,True,1,297.0,1,1,297.0,False,False,False,True,0.022857142857142857,0.03333333333333333,True,0.005714285714285714,0.016666666666666666,
https://ig.com.br,17,False,False,2,True,787851759.974024,4.72,False,False,False,True,1,297.0,1,0,0,True,False,False,True,0.015267175572519083,0,True,0.015267175572519083,0,
https://de.wikipedia.org,24,False,False,2,True,702837029.213511,7.65,False,False,False,True,1,597.0,1,1,108.0,False,True,True,True,0.029411764705882353,0.15384615384615385,True,0.0,0.0,
https://marketingplatform.google.com,36,False,False,2,True,807882165.938973,6.63,False,False,False,True,1,25.0,1,1,297.0,True,True,False,True,0.05813953488372093,0.06666666666666667,True,0.0,0.0,
https://ft.com,14,False,False,1,True,896010169.806107,7.28,False,False,False,True,4,584.0,1,0,0,True,True,False,True,0.013779527559055118,0.027777777777777776,True,0.003937007874015748,0.0,
https://mirror.co.uk,20,False,False,2,True,843320573.5732119,6.44,False,False,False,True,2,56.0,1,0,0,True,False,False,True,0.009398496240601503,0.041666666666666664,True,0.0,0.0,
https://issuu.com,17,False,False,1,True,505180987.711406,7.57,False,False,False,True,4,297.0,1,0,0,False,True,True,True,0.03007518796992481,0.029850746268656716,True,0.0,0.0,
https://cpanel.net,18,False,False,1,True,708190234.188597,5.78,False,False,False,True,2,296.0,1,0,0,False,True,True,True,0.04938271604938271,0.021739130434782608,True,0.04938271604938271,0.0,
https://plesk.com,17,False,False,1,True,752861134.954531,5.63,False,False,False,True,3,1195.0,1,0,0,False,False,False,True,0.06561085972850679,0,True,0.06561085972850679,0,
https://namecheap.com,21,False,False,1,True,716167665.8357999,6.37,False,False,False,True,1,55.0,1,0,0,True,False,False,True,0.043795620437956206,0.03409090909090909,True,0.021897810218978103,0.0,
https://dailymail.co.uk,23,False,False,2,True,843320595.7051799,6.96,False,False,False,True,1,16.0,1,2,16.0,True,True,False,True,0.10224438902743142,0,True,0.10224438902743142,0,
https://ru.wikipedia.org,24,False,False,2,True,702837065.0551,7.27,False,False,False,True,1,561.0,1,1,72.0,False,True,True,True,0.013157894736842105,0.07142857142857142,True,0.0,0.0,
https://imageshack.us,21,False,False,1,True,613504156.6779709,5.94,False,False,False,True,2,293.0,1,0,0,True,True,True,True,0.13333333333333333,0,True,0.06666666666666667,0,
https://instagram.com,21,False,False,1,True,595821972.340661,10,False,False,False,True,1,109.0,1,1,297.0,False,True,False,True,0,0,False,0,0,
https://yadi.sk,15,False,False,1,True,341423014.6206291,6.27,False,False,False,True,1,598.0,1,1,598.0,False,False,True,True,0.2,0,False,0.0,0,
https://t.co,12,False,False,1,True,409909977.8134301,8.39,False,False,False,True,1,9.0,1,0,0,False,False,False,True,0.15384615384615385,0,True,0.0,0,
https://usatoday.com,20,False,False,1,True,914586221.0870609,7.24,False,False,False,True,1,5384.0,1,0,0,True,True,False,True,0.02040816326530612,0.018867924528301886,True,0.0,0.0,
https://scribd.com,18,False,False,1,True,523053507.936589,7.28,False,False,False,True,4,597.0,1,0,0,True,True,False,True,0.05319148936170213,0.05263157894736842,True,0.05319148936170213,0.05263157894736842,
https://elpais.com,18,False,False,1,True,698386273.2584939,6.37,False,False,False,True,2,17.0,1,2,17.0,False,True,False,True,0.027083333333333334,0.08441558441558442,True,0.0,0.0,
https://researchgate.net,24,False,False,1,True,479682649.1161909,7.26,False,False,False,True,2,596.0,1,0,0,True,True,False,True,0.09375,0,True,0.0,0,
https://google.it,17,False,False,1,True,737397834.8290751,6.62,False,False,False,True,1,296.0,1,1,296.0,False,True,True,True,0.05,0,True,0.0,0,
https://archive.org,19,False,False,1,True,863264637.9713571,8.1,False,False,False,True,1,297.0,1,0,0,False,True,True,True,0,0,False,0,0,
https://fb.com,14,False,False,1,True,1038829441.290659,6.79,False,False,False,True,17,296.0,1,17,296.0,False,True,False,True,0.06666666666666667,0,True,0.06666666666666667,0,
https://bbc.com,15,False,False,1,True,1065699844.7335589,7.65,False,False,False,True,4,297.0,1,4,297.0,False,True,False,True,0.020202020202020204,0.09090909090909091,True,0.013468013468013467,0.0,
https://php.net,15,False,False,1,True,802352650.016258,6.53,False,False,False,True,1,295.0,1,1,295.0,False,True,False,True,0.08333333333333333,0.16666666666666666,True,0.0,0.0,
https://loc.gov,15,False,False,1,True,0,7.09,False,False,False,True,2,297.0,1,2,297.0,False,True,True,True,0.02027027027027027,0.043478260869565216,True,0.0,0.0,
https://ja.wikipedia.org,24,False,False,2,True,702837121.593194,6.34,False,False,False,True,1,505.0,1,1,15.0,False,True,True,True,0.012658227848101266,0.07692307692307693,True,0.0,0.0,
https://lemonde.fr,18,False,False,1,True,559186062.225142,6.46,False,False,False,True,1,57.0,1,0,0,False,False,True,True,0.037037037037037035,0.030303030303030304,True,0.026936026936026935,0.0,
https://netflix.com,19,False,False,1,True,802957462.871875,7.05,False,False,False,True,3,12.0,1,3,55.0,False,True,False,True,0.13043478260869565,0.05555555555555555,True,0.13043478260869565,0.05555555555555555,
https://express.co.uk,21,False,False,2,True,843320666.4348879,6.48,False,False,False,True,4,56.0,1,8,56.0,True,True,False,True,0.01098901098901099,0,True,0.0,0,
https://engadget.com,20,False,False,1,True,607300274.397428,6.81,False,False,False,True,5,295.0,1,0,0,False,True,False,True,0.02880658436213992,0.05,True,0.024691358024691357,0.0,
https://disqus.com,18,False,False,1,True,516706919.43151903,6.96,False,False,False,True,4,2234.0,1,0,0,True,True,False,True,0,0,False,0,0,
https://canada.ca,17,False,False,1,True,643926471.9554491,6.74,False,False,False,True,4,295.0,1,0,0,False,True,True,True,0.25,0,True,0.0,0,
https://mit.edu,15,False,False,1,True,0,6.14,False,False,False,True,1,17.0,1,2,16.0,True,True,True,True,0.05084745762711865,0.041666666666666664,True,0.01694915254237288,0.0,
https://wired.com,17,False,False,1,True,959946285.20053,7.6,False,False,False,True,4,610.0,1,0,0,True,True,False,True,0.010869565217391304,0.03225806451612903,True,0.0,0.0,
https://radiofrance.fr,22,False,False,1,True,742848289.2572529,5.82,False,False,False,True,3,5389.0,1,0,0,True,True,True,True,0.026415094339622643,0.04,True,0.0,0.0,
https://aol.com,15,False,False,1,True,878384693.9401231,6.44,False,False,False,True,5,2335.0,1,0,0,False,False,False,True,0.01929260450160772,0.5,True,0.0,0.0,
https://imageshack.com,22,False,False,1,True,653108911.617326,5.9,False,False,False,True,2,204.0,1,0,0,True,True,True,True,0.13333333333333333,0,True,0.06666666666666667,0,
https://themeforest.net,23,False,False,1,True,486046531.252594,6.82,False,False,False,True,2,297.0,1,0,0,False,True,False,True,0.015238095238095238,1.0,True,0.005714285714285714,0.0,
https://picasa.google.com,25,False,False,2,True,807882303.103931,5.9,False,False,False,True,1,297.0,1,1,297.0,False,False,False,True,0.2,0,False,0.0,0,
https://zdf.de,14,False,False,1,True,0,6.17,False,False,False,True,1,595.0,1,0,0,False,True,True,True,0.023310023310023312,0.05405405405405406,True,0.0,0.0,
https://lefigaro.fr,19,False,False,1,True,842204711.7844319,6.15,False,False,False,True,2,17.0,1,2,17.0,True,False,True,True,0.006349206349206349,0.05555555555555555,True,0.0,0.0,
https://mega.nz,15,False,False,1,True,0,6.69,False,False,False,True,2,55.0,1,2,55.0,True,True,True,True,1.0,0,True,0.0,0,
https://fb.me,13,False,False,1,True,433736795.82510996,6.66,False,False,False,True,1,297.0,1,1,297.0,False,True,False,True,0.06666666666666667,0,True,0.06666666666666667,0,
https://alibaba.com,19,False,False,1,True,758029556.2857571,6.37,False,False,False,True,2,115.0,1,0,0,False,False,False,True,0.021897810218978103,0.027777777777777776,True,0.0,0.0,
https://www.livejournal.com,27,False,False,2,True,758029560.6471319,6.14,False,False,False,True,1,595.0,1,0,0,True,True,True,True,0.1323529411764706,0.5,True,0.0,0.0,
https://deezer.com,18,False,False,1,True,606776927.7412491,6.43,False,False,False,True,4,17.0,1,0,0,True,True,False,True,0.041237113402061855,0.05,True,0.0,0.0,
https://offset.com,18,False,False,1,True,822912369.4100821,4.75,False,False,False,True,2,295.0,1,0,0,False,True,False,True,0.03787878787878788,0.125,True,0.03787878787878788,0.0,
https://discord.gg,18,False,False,1,True,0,7.42,False,False,False,True,5,296.0,1,0,0,True,True,True,True,0.0975609756097561,0,True,0.0,0,
https://ftc.gov,15,False,False,1,True,0,7.09,False,False,False,True,1,16.0,1,2,16.0,True,True,True,True,0.0199203187250996,0.015873015873015872,True,0.0,0.0,
https://biglobe.ne.jp,21,False,False,2,True,0,5.02,False,False,False,True,2,1369.0,1,0,0,False,True,True,True,0,0,False,0,0,
https://search.yahoo.com,24,False,False,2,True,891776784.9653771,6.12,False,False,False,True,1,30.0,1,1,30.0,False,True,False,True,0.06896551724137931,0,True,0.0,0,
https://yelp.com,16,False,False,1,True,610917694.781595,7.19,False,False,False,True,1,1.0,1,0,0,True,True,False,True,0.037037037037037035,0.05405405405405406,True,0.0,0.0,
https://cointernet.com.co,25,False,False,2,True,431970395.5214281,5.12,False,False,False,True,2,596.0,1,0,0,True,True,True,True,0.1506849315068493,0,True,0.1506849315068493,0,
https://abc.net.au,18,False,False,2,True,0,6.85,False,False,False,True,1,15.0,1,0,0,True,False,True,True,0.041237113402061855,1.0,True,0.020618556701030927,0.0,
https://walmart.com,19,False,False,1,True,888662805.9616311,6.96,False,False,False,True,1,17.0,1,0,0,False,True,False,True,0.044444444444444446,0.05,True,0.0,0.0,
https://www.wix.com,19,False,False,2,True,881927209.6159229,7.08,False,False,False,True,1,3597.0,1,0,0,False,True,True,True,0.024539877300613498,0,True,0.0,0,
https://bandcamp.com,20,False,False,1,True,626821808.3075571,6.42,False,False,False,True,4,296.0,1,0,0,False,True,False,True,0.19090909090909092,0,True,0.19090909090909092,0,
https://pl.wikipedia.org,24,False,False,2,True,702837282.54972,6.24,False,False,False,True,1,343.0,1,1,506.0,False,True,True,True,0.014652014652014652,0.09090909090909091,True,0.0,0.0,
https://m.wikipedia.org,23,False,False,2,True,702837285.8209829,4.67,False,False,False,True,1,341.0,1,1,504.0,False,False,True,True,0.005988023952095809,0,True,0.0,0,
https://gnu.org,15,False,False,1,True,864992823.6494751,7.01,False,False,False,True,1,296.0,1,1,296.0,False,True,True,True,0.017391304347826087,0,True,0.017391304347826087,0,
https://outlook.com,19,False,False,1,True,904996027.5364931,6.01,False,False,False,True,9,296.0,1,0,0,True,False,False,True,0.16129032258064516,1.0,True,0.0,0.0,
https://skype.com,17,False,False,1,True,631059171.3342271,6.94,False,False,False,True,5,3596.0,1,0,0,True,False,False,True,0.028037383177570093,0.03333333333333333,True,0.018691588785046728,0.016666666666666666,
https://vkontakte.ru,20,False,False,1,True,522532037.2510779,5.51,False,False,False,True,6,894.0,1,0,0,False,True,True,True,0.09090909090909091,0,True,0.0,0,
https://francetvinfo.fr,23,False,False,1,True,462500629.8568859,5.97,False,False,False,True,1,7195.0,1,0,0,True,True,True,True,0.013422818791946308,0.047619047619047616,True,0.0,0.0,
https://yandex.com,18,False,False,1,True,775568845.945246,6.5,False,False,False,True,4,1196.0,1,1,1196.0,False,True,False,True,0.09090909090909091,0,True,0.0,0,
https://ria.ru,14,False,False,1,True,704490449.5124471,5.88,False,False,False,True,1,116.0,1,0,0,True,True,False,True,0.024691358024691357,0,True,0.0,0,
https://tmz.com,15,False,False,1,True,857818053.094284,5.91,False,False,False,True,4,56.0,1,8,56.0,True,False,False,True,0.015625,0.3333333333333333,True,0.0,0.0,
https://guardian.co.uk,22,False,False,2,True,843320856.2915771,6.86,False,False,False,True,4,3597.0,1,0,0,False,False,False,True,0.010582010582010581,0.3333333333333333,True,0.0,0.0,
https://welt.de,15,False,False,1,True,0,6.43,False,False,False,True,1,296.0,1,0,0,False,True,False,True,0.02029520295202952,0,True,0.0,0,
https://pbs.org,15,False,False,1,True,883914464.3845129,6.89,False,False,False,True,2,3596.0,1,0,0,True,True,False,True,0.035398230088495575,0.06451612903225806,True,0.0,0.0,
https://sciencemag.org,22,False,False,1,True,851514471.522475,6.67,False,False,False,True,2,893.0,1,0,0,False,True,True,True,0.039711191335740074,0.02702702702702703,True,0.0036101083032490976,0.0,
https://disney.com,18,False,False,1,True,1044182875.1692641,5.81,False,False,False,True,1,897.0,1,0,0,False,True,False,True,0.03825136612021858,0,True,0.00546448087431694,0,
https://eventbrite.com,22,False,False,1,True,543953394.9664559,7.62,False,False,False,True,4,13.0,1,0,0,True,False,False,True,0.03225806451612903,0.03773584905660377,True,0.0,0.0,
https://nginx.org,17,False,False,1,True,578375043.5634489,6.38,False,False,False,True,2,117.0,1,2,117.0,False,True,True,True,0.09090909090909091,0,True,0.0,0,
https://oup.com,15,False,False,1,True,793972088.161453,5.52,False,False,False,True,1,894.0,1,0,0,True,False,True,True,0.08839779005524862,0.2,True,0.08839779005524862,0.0,
https://ietf.org,16,False,False,1,True,887280492.4268761,7.1,False,False,False,True,1,1796.0,1,1,1796.0,False,True,True,True,0.029411764705882353,0.14285714285714285,True,0.014705882352941176,0.0,
https://liveinternet.ru,23,False,False,1,True,650058497.851979,6.37,False,False,False,True,1,3595.0,1,0,0,False,True,True,True,0.03125,0,True,0.0,0,
https://wikihow.com,19,False,False,1,True,595115279.8472469,6.88,False,False,False,True,4,7197.0,1,0,0,False,True,True,True,0.048507462686567165,0,True,0.048507462686567165,0,
https://stanford.edu,20,False,False,1,True,0,6.11,False,False,False,True,1,1796.0,1,1,1796.0,True,True,False,True,0.01818181818181818,0.04081632653061224,True,0.0,0.0,
https://smh.com.au,18,False,False,2,True,0,6.34,False,False,False,True,4,56.0,1,8,56.0,True,True,True,True,0.00992063492063492,0.05405405405405406,True,0.001984126984126984,0.0,
https://rambler.ru,18,False,False,1,True,838452218.9813509,5.5,False,False,False,True,3,295.0,1,0,0,False,False,True,True,0.019736842105263157,0.09090909090909091,True,0.0,0.0,
https://hp.com,14,False,False,1,True,1171972119.368982,6.28,False,False,False,True,2,2006.0,1,0,0,True,False,True,True,0.02849740932642487,0,True,0.0025906735751295338,0,
https://twitch.tv,17,False,False,1,True,0,7.74,False,False,False,True,4,2429.0,1,0,0,False,True,False,True,0,0,False,0,0,
https://google.ru,17,False,False,1,True,603830925.0259881,6.58,False,False,False,True,1,297.0,1,1,297.0,False,True,True,True,0.05,0,True,0.0,0,
https://abcnews.go.com,22,False,False,2,True,797860128.080266,7.07,False,False,False,True,4,57.0,1,0,0,False,True,False,True,0.017341040462427744,0.023809523809523808,True,0.017341040462427744,0.0,
https://academia.edu,20,False,False,1,True,0,6.31,False,False,False,True,4,57.0,1,0,0,True,True,False,True,0.006779661016949152,0,True,0.0,0,
https://sakura.ne.jp,20,False,False,2,True,0,5.07,False,False,False,True,1,3592.0,1,0,0,True,True,True,True,0.046632124352331605,1.0,True,0.0,0.0,
https://addthis.com,19,False,False,1,True,786023345.9416621,6.61,False,False,False,True,1,1356.0,1,0,0,False,True,True,True,0.07142857142857142,0.045454545454545456,True,0.0,0.0,
https://android.com,19,False,False,1,True,815140148.885325,6.57,False,False,False,True,1,297.0,1,1,297.0,True,True,False,True,0.04918032786885246,0.058823529411764705,True,0.0,0.0,
https://nbcnews.com,19,False,False,1,True,814880952.8867979,6.97,False,False,False,True,4,176.0,1,0,0,False,False,False,True,0.04155124653739612,0.11764705882352941,True,0.0,0.0,
https://home.pl,15,False,False,1,True,800858956.673938,6.26,False,False,False,True,1,3596.0,1,0,0,True,True,True,True,0.026041666666666668,0.06976744186046512,True,0.0,0.0,
https://naver.com,17,False,False,1,True,808141762.2733669,5.65,False,False,False,True,4,294.0,1,0,0,True,True,False,True,0.35141509433962265,0,True,0.35141509433962265,0,
https://surveymonkey.com,24,False,False,1,True,740254424.4700339,7.25,False,False,False,True,4,56.0,1,0,0,False,True,False,True,0.023076923076923078,0,True,0.0,0,
https://webnode.page,20,False,False,1,True,66334860.80321908,2.23,False,False,False,True,3,294.0,1,0,0,True,False,False,True,0.18181818181818182,0.058823529411764705,True,0.18181818181818182,0.0392156862745098,
https://zoom.us,15,False,False,1,True,662517957.105268,7.4,False,False,False,True,1,56.0,1,1,56.0,False,False,True,True,0.0970873786407767,0,True,0.0,0,
https://ebay.com,16,False,False,1,True,874669780.457355,7.68,False,False,False,True,3,139.0,1,0,0,False,False,False,True,0.038461538461538464,0.05,True,0.0,0.0,
https://techcrunch.com,22,False,False,1,True,563734404.5584011,7.55,False,False,False,True,1,296.0,1,1,296.0,False,True,True,True,0.0684931506849315,1.0,True,0.0,0.0,
https://xing.com,16,False,False,1,True,967463390.210984,6.68,False,False,False,True,1,54.0,1,0,0,False,False,True,True,0.031578947368421054,0.03225806451612903,True,0.0,0.0,
https://buzzfeed.com,20,False,False,1,True,653432965.919162,7.5,False,False,False,True,4,54.0,1,0,0,True,False,False,True,0.022598870056497175,0,False,0.0,0,
https://britannica.com,22,False,False,1,True,879076200.0780921,6.73,False,False,False,True,2,56.0,1,0,0,True,True,False,True,0.01384083044982699,0.06451612903225806,True,0.0,0.0,
https://yahoo.co.jp,19,False,False,2,True,0,5.77,False,False,False,True,8,295.0,1,0,0,True,False,False,True,0.04,1.0,True,0.0,0.0,
https://doubleclick.net,23,False,False,1,True,860413808.972548,5.14,False,False,False,True,1,296.0,1,1,296.0,True,True,False,True,0.05555555555555555,0.06666666666666667,True,0.0,0.0,
https://newyorker.com,21,False,False,1,True,928842612.3637121,7.08,False,False,False,True,4,296.0,1,0,0,True,True,False,True,0.0205761316872428,0.027777777777777776,True,0.0,0.0,
https://ipv4.google.com,23,False,False,2,True,807882617.3763931,5.27,False,False,False,True,1,297.0,1,0,0,False,True,True,True,0.05263157894736842,0,True,0.0,0,
https://wiktionary.org,22,False,False,1,True,642319649.9448321,5.43,False,False,False,True,1,596.0,1,1,596.0,False,False,True,True,0.010752688172043012,0,True,0.0,0,
https://ovhcloud.com,20,False,False,1,True,360036082.486022,5.17,False,False,False,True,1,55.0,1,0,0,False,False,False,True,0.12359550561797752,0.16666666666666666,True,0.12359550561797752,0.0,
https://statista.com,20,False,False,1,True,546389369.547795,7.33,False,False,False,True,2,55.0,1,0,0,True,True,False,True,0.03424657534246575,0.05128205128205128,True,0.0,0.0,
https://espn.com,16,False,False,1,True,900935435.920464,6.36,False,False,False,True,4,57.0,1,8,56.0,False,True,False,True,0.03910614525139665,1.0,True,0.03910614525139665,1.0,
https://gmail.com,17,False,False,1,True,873892240.757873,7.62,False,False,False,True,1,95.0,1,1,95.0,False,True,True,True,0.16666666666666666,0.3333333333333333,True,0.0,0.0,
https://npr.org,15,False,False,1,True,926423443.9823141,7.63,False,False,False,True,4,56.0,1,0,0,True,False,False,True,0.019157088122605363,0.037037037037037035,True,0.0,0.0,
https://thetimes.co.uk,22,False,False,2,True,841420250.379514,6.7,False,False,False,True,3,294.0,1,0,0,False,True,True,True,0.007361963190184049,0.025,True,0.0049079754601227,0.0,
https://calendar.google.com,27,False,False,2,True,807882653.7408259,7.91,False,False,False,True,1,46.0,1,1,45.0,False,True,True,True,0,0,False,0,0,
https://nginx.com,17,False,False,1,True,578375250.6972029,6.31,False,False,False,True,1,115.0,1,0,0,False,False,False,True,0.04918032786885246,0.06382978723404255,True,0.036885245901639344,0.06382978723404255,
https://cbc.ca,14,False,False,1,True,710477700.0539751,7.11,False,False,False,True,1,16.0,1,0,0,False,True,True,True,0.020618556701030927,0.05405405405405406,True,0.020618556701030927,0.0,
https://spotify.com,19,False,False,1,True,536395399.4968691,6.82,False,False,False,True,1,295.0,1,1,295.0,False,True,False,True,0,0,False,0,0,
https://sky.com,15,False,False,1,True,1106391134.679307,5.89,False,False,False,True,1,7195.0,1,0,0,False,False,True,True,0.029850746268656716,0.09090909090909091,True,0.014925373134328358,0.09090909090909091,
https://ibm.com,15,False,False,1,True,1170586339.473252,7.33,False,False,False,True,1,15.0,1,2,15.0,False,True,False,True,0.075,1.0,True,0.025,1.0,
https://20minutos.es,20,False,False,1,True,0,5.76,False,False,False,True,4,56.0,1,0,0,True,False,False,True,0.04154302670623145,0.025,True,0.04154302670623145,0.0,
https://xbox.com,16,False,False,1,True,831297147.922605,6.45,False,False,False,True,5,3596.0,1,0,0,True,False,False,True,0.16062176165803108,0.0625,True,0.031088082901554404,0.03125,
https://google.nl,17,False,False,1,True,754415551.862071,6.88,False,False,False,True,1,296.0,1,1,296.0,False,True,True,True,0.05,0,True,0.0,0,
https://icann.org,17,False,False,1,True,776433156.8686659,6.75,False,False,False,True,1,595.0,1,1,595.0,False,True,True,True,0.022727272727272728,0.03773584905660377,True,0.0,0.0,
https://ziddu.com,17,False,False,1,True,86044771.94669294,4.74,False,False,False,True,1,4587.0,1,0,0,False,False,False,True,0.24175824175824176,0.6,True,0.24175824175824176,0.6,
https://sedo.com,16,False,False,1,True,776692366.4765611,5.32,False,False,False,True,2,296.0,1,2,296.0,False,True,True,True,0.18181818181818182,0,True,0.0,0,
https://plos.org,16,False,False,1,True,711672541.2354751,5.69,False,False,False,True,2,296.0,1,2,296.0,False,True,True,True,0.036036036036036036,0.08,True,0.009009009009009009,0.0,
https://insider.com,19,False,False,1,True,816609177.3303931,6.28,False,False,False,True,4,3596.0,1,0,0,True,True,True,True,0.030211480362537766,0.05263157894736842,True,0.0030211480362537764,0.0,
https://rakuten.co.jp,21,False,False,2,True,0,5.8,False,False,False,True,1,288.0,1,0,0,False,False,False,True,0.0517464424320828,0,True,0.0517464424320828,0,
https://sputniknews.com,23,False,False,1,True,362767080.434814,5.9,False,False,False,True,1,115.0,1,0,0,True,True,False,True,0.028169014084507043,0,True,0.007042253521126761,0,
https://whitehouse.gov,22,False,False,1,True,0,7.18,False,False,False,True,1,297.0,1,1,297.0,True,False,False,True,0.046875,0.10526315789473684,True,0.0078125,0.0,
https://economist.com,21,False,False,1,True,896183601.5263059,6.84,False,False,False,True,2,11.0,1,0,0,False,True,True,True,0.013636363636363636,0.06451612903225806,True,0.01818181818181818,0.03225806451612903,
https://www.gov.br,18,False,False,2,True,178214034.05233693,6.1,False,False,False,True,1,7198.0,1,0,0,True,True,True,True,0.06091370558375635,0.03389830508474576,True,0.06091370558375635,0.01694915254237288,
https://www.wikipedia.org,25,False,False,2,True,702837702.8424859,6.73,False,False,False,True,1,572.0,1,1,87.0,False,False,True,True,0.005988023952095809,0,True,0.0,0,
https://books.google.com,24,False,False,2,True,807882840.935993,7.04,False,False,False,True,1,296.0,1,1,296.0,False,False,True,True,0.0625,0,True,0.0,0,
https://sfgate.com,18,False,False,1,True,917261645.064235,6.59,False,False,False,True,1,3596.0,1,0,0,False,True,True,True,0.022151898734177215,0.038461538461538464,True,0.00949367088607595,0.038461538461538464,
https://leparisien.fr,21,False,False,1,True,447989093.13401294,6.11,False,False,False,True,1,7192.0,1,0,0,True,False,True,True,0.011730205278592375,0.013888888888888888,True,0.0,0.0,
https://id.wikipedia.org,24,False,False,2,True,702837753.2507501,5.85,False,False,False,True,1,522.0,1,1,37.0,False,True,True,True,0.008547008547008548,0.09090909090909091,True,0.0,0.0,
https://oracle.com,18,False,False,1,True,1085140490.796507,7.21,False,False,False,True,1,296.0,1,0,0,False,False,False,True,0.010830324909747292,0,True,0.0,0,
https://theatlantic.com,23,False,False,1,True,873719694.9317019,7.34,False,False,False,True,4,7196.0,1,0,0,True,False,False,True,0.025396825396825397,0.06666666666666667,True,0.0,0.0,
https://apache.org,18,False,False,1,True,884606108.0223451,6.5,False,False,False,True,1,1787.0,1,1,1787.0,False,True,True,True,0.03773584905660377,0,True,0.03773584905660377,0,
https://detik.com,17,False,False,1,True,785764515.945744,5.56,False,False,False,True,2,292.0,1,0,0,True,False,False,True,0.02214022140221402,0.022727272727272728,True,0.01107011070110701,0.0,
https://huawei.com,18,False,False,1,True,734584678.313838,5.76,False,False,False,True,1,594.0,1,1,594.0,False,True,True,True,0.0992063492063492,0.05128205128205128,True,0.01984126984126984,0.02564102564102564,
https://goodreads.com,21,False,False,1,True,642748786.3217039,7.42,False,False,False,True,3,55.0,1,0,0,False,True,False,True,0.021739130434782608,0.05555555555555555,True,0.014492753623188406,0.0,
https://ca.gov,14,False,False,1,True,0,5.31,False,False,False,True,1,116.0,1,0,0,True,True,True,True,0.06382978723404255,0.1111111111111111,True,0.0,0.0,
https://standard.co.uk,22,False,False,2,True,843321335.180016,6.23,False,False,False,True,3,297.0,1,3,296.0,True,True,True,True,0.01256281407035176,0.043478260869565216,True,0.0,0.0,
https://target.com,18,False,False,1,True,830001400.109,6.84,False,False,False,True,4,3596.0,1,0,0,False,True,False,True,0.03389830508474576,0,True,0.01694915254237288,0,
https://steampowered.com,24,False,False,1,True,716341969.1916211,5.37,False,False,False,True,1,16.0,1,0,0,False,False,False,True,0.010638297872340425,0,True,0.005319148936170213,0,
https://translate.google.com,28,False,False,2,True,807883008.301254,7.61,False,False,False,True,1,209.0,1,1,266.0,False,True,True,True,0.17647058823529413,0,True,0.0,0,
https://yandex.ru,17,False,False,1,True,807171108.142581,6.91,False,False,False,True,4,293.0,1,1,293.0,False,True,True,True,0,0,False,0,0,
https://dw.com,14,False,False,1,True,895406220.240212,6.76,False,False,False,True,2,295.0,1,0,0,False,True,True,True,0,0,False,0,0,
https://photobucket.com,23,False,False,1,True,629763889.307945,6.11,False,False,False,True,4,57.0,1,8,57.0,False,True,True,True,0,0,False,0,0,
https://www.canalblog.com,25,False,False,2,True,638479578.8455269,4.42,False,False,False,True,2,296.0,1,0,0,True,True,True,True,0.019704433497536946,0,True,0.009852216748768473,0,
https://addtoany.com,20,False,False,1,True,540198558.459857,6.28,False,False,False,True,3,297.0,1,3,297.0,False,True,True,True,0.10526315789473684,0,True,0.0,0,
https://code.google.com,23,False,False,2,True,807883033.0549619,7.43,False,False,False,True,1,296.0,1,1,296.0,False,False,False,True,0.25,0.5,True,0.0,0.0,
https://instructables.com,25,False,False,1,True,562777566.103375,6.47,False,False,False,True,4,897.0,1,0,0,False,True,True,True,0.05555555555555555,0.05,True,0.0,0.0,
https://qq.com,14,False,False,1,True,882619041.281378,5.68,False,False,False,True,4,600.0,1,0,0,False,False,False,True,0.13703703703703704,0,True,0.0,0,
https://ikea.com,16,False,False,1,True,875188645.953774,6.58,False,False,False,True,1,14.0,1,2,14.0,False,False,False,True,0.006896551724137931,0.14285714285714285,True,0.0,0.0,
https://rtve.es,15,False,False,1,True,0,7.05,False,False,False,True,1,7195.0,1,0,0,False,False,False,True,0.08450704225352113,0,True,0.0007412898443291327,0,
https://pinterest.fr,20,False,False,1,True,316567489.41133595,6.12,False,False,False,True,4,597.0,1,0,0,False,False,False,True,1.0,0,True,0.0,0,
https://nationalgeographic.com,30,False,False,1,True,868881458.9050131,6.86,False,False,False,True,3,55.0,1,0,0,True,False,False,True,0.04739336492890995,1.0,True,0.0,0.0,
https://taringa.net,19,False,False,1,True,567509009.5720849,5.73,False,False,False,True,2,296.0,1,0,0,True,True,True,True,0.039603960396039604,0.08333333333333333,True,0.0,0.0,
https://ea.com,14,False,False,1,True,947419065.5287321,6.12,False,False,False,True,1,17.0,1,0,0,False,False,True,True,0.016129032258064516,0.041666666666666664,True,0.0,0.0,
https://cambridge.org,21,False,False,1,True,789307070.694252,6.85,False,False,False,True,2,296.0,1,0,0,True,True,False,True,0.027586206896551724,0,True,0.027586206896551724,0,
https://spiegel.de,18,False,False,1,True,0,6.74,False,False,False,True,1,294.0,1,0,0,True,False,False,True,0.01263823064770932,0.024096385542168676,True,0.0,0.0,
https://groups.google.com,25,False,False,2,True,807883084.2655871,7.31,False,False,False,True,6,292.0,1,4,292.0,False,True,True,True,0.16666666666666666,0.3333333333333333,True,0.0,0.0,
https://hubspot.com,19,False,False,1,True,574462540.235817,6.87,False,False,False,True,2,296.0,1,2,296.0,True,False,False,True,0.01639344262295082,0.017543859649122806,True,0.0,0.0,
https://springer.com,20,False,False,1,True,817300692.4233389,6.26,False,False,False,True,1,7195.0,1,0,0,True,True,True,True,0.038461538461538464,0.08108108108108109,True,0.0,0.0,
https://nikkei.com,18,False,False,1,True,882187101.0137789,5.9,False,False,False,True,2,292.0,1,0,0,False,True,True,True,0.008777062609713282,0.013888888888888888,True,0.0,0.0,
https://ovh.com,15,False,False,1,True,826891106.647578,5.72,False,False,False,True,1,3594.0,1,0,0,False,False,False,True,0.12359550561797752,0.16666666666666666,True,0.12359550561797752,0.0,
https://cnil.fr,15,False,False,1,True,804103112.191262,6.15,False,False,False,True,1,7194.0,1,0,0,False,True,False,True,0.016317016317016316,0.02702702702702703,True,0.013986013986013986,0.0,
https://unsplash.com,20,False,False,1,True,312316668.4090769,7.88,False,False,False,True,4,3597.0,1,0,0,False,True,True,True,0.020833333333333332,0,True,0.0,0,
https://rt.com,14,False,False,1,True,996580721.550493,6.21,False,False,False,True,1,294.0,1,0,0,True,True,True,True,0.016877637130801686,0,True,0.004219409282700422,0,
https://prezi.com,17,False,False,1,True,715086751.9212761,6.45,False,False,False,True,2,297.0,1,0,0,True,True,False,True,0.05732484076433121,0.022727272727272728,True,0.05732484076433121,0.0,
https://quora.com,17,False,False,1,True,727821599.7647891,7.32,False,False,False,True,8,56.0,1,0,0,False,True,False,True,0,0,False,0,0,
https://weibo.com,17,False,False,1,True,760273257.5639989,6.88,False,False,False,True,2,52.0,1,0,0,False,True,True,True,0,0,False,0,0,
https://cnbc.com,16,False,False,1,True,806587262.20597,7.45,False,False,False,True,2,25.0,1,0,0,False,False,False,True,0.04024144869215292,0.02857142857142857,True,0.030181086519114688,0.0,
https://metro.co.uk,19,False,False,2,True,843321666.2596021,6.46,False,False,False,True,1,7196.0,1,0,0,False,True,True,True,0.01607717041800643,0.07692307692307693,True,0.003215434083601286,0.0,
https://nypost.com,18,False,False,1,True,838209669.148788,7.15,False,False,False,True,1,57.0,1,0,0,True,True,True,True,0.020703933747412008,0.1111111111111111,True,0.020703933747412008,0.1111111111111111,
https://harvard.edu,19,False,False,1,True,0,5.71,False,False,False,True,4,297.0,1,4,297.0,True,False,False,True,0.012345679012345678,0.07142857142857142,True,0.0,0.0,
https://timeweb.ru,18,False,False,1,True,537480079.65996,5.18,False,False,False,True,1,594.0,1,1,594.0,False,False,True,True,0.13513513513513514,0.0967741935483871,True,0.013513513513513514,0.0,
https://sendspace.com,21,False,False,1,True,560848614.468683,5.73,False,False,False,True,2,295.0,1,2,295.0,True,True,True,True,0.09523809523809523,0,True,0.047619047619047616,0,
https://googleblog.com,22,False,False,1,True,656855969.5341899,4.01,False,False,False,True,1,296.0,1,1,296.0,True,True,True,True,0.01509433962264151,0.08333333333333333,True,0.0037735849056603774,0.0,
https://mozilla.com,19,False,False,1,True,899730093.043864,6.37,False,False,False,True,3,3595.0,1,0,0,False,True,False,True,0.046296296296296294,0.05405405405405406,True,0.0,0.0,
https://cornell.edu,19,False,False,1,True,0,5.76,False,False,False,True,6,451.0,1,0,0,True,True,False,True,0.027210884353741496,0.1,True,0.027210884353741496,0.1,
https://gofundme.com,20,False,False,1,True,418063604.51484394,7.43,False,False,False,True,4,56.0,1,0,0,False,True,False,True,0.10606060606060606,0.03225806451612903,True,0.0,0.0,
https://cpanel.com,18,False,False,1,True,730070753.520405,5.33,False,False,False,True,2,291.0,1,2,291.0,False,True,True,True,0.04938271604938271,0.021739130434782608,True,0.04938271604938271,0.0,
https://e-monsite.com,21,False,False,1,True,603840934.134779,4.44,False,True,False,True,2,294.0,1,2,294.0,False,False,False,True,0.08641975308641975,0.047619047619047616,True,0.0,0.0,
https://finance.yahoo.com,25,False,False,2,True,891777721.0176239,7.04,False,False,False,True,4,33.0,1,4,4.0,False,True,False,True,0.02127659574468085,0,True,0.0,0,
https://playstation.com,23,False,False,1,True,828964925.1521039,6.96,False,False,False,True,2,56.0,1,0,0,True,True,False,True,0.045454545454545456,0,True,0.0,0,
https://alexa.com,17,False,False,1,True,844603329.006156,6.69,False,False,False,True,6,56.0,1,0,0,False,False,False,True,0.2,1.0,True,0.0,0.0,
https://mashable.com,20,False,False,1,True,560394697.6395929,7.37,False,False,False,True,2,297.0,1,2,297.0,True,True,True,True,0.022222222222222223,0.03125,True,0.0,0.0,
https://elmundo.es,18,False,False,1,True,0,6.26,False,False,False,True,1,296.0,1,1,296.0,True,False,False,True,0.01272264631043257,0.1111111111111111,True,0.01272264631043257,0.1111111111111111,
https://variety.com,19,False,False,1,True,839246540.57598,6.95,False,False,False,True,1,295.0,1,0,0,True,True,True,True,0.06896551724137931,0.05555555555555555,True,0.06896551724137931,0.027777777777777776,
https://gooyaabitemplates.com,29,False,False,1,True,330066572.50519204,4.66,False,False,False,True,3,296.0,1,3,296.0,False,True,True,True,0.044642857142857144,0,True,0.008928571428571428,0,
https://vice.com,16,False,False,1,True,817387348.231204,7.24,False,False,False,True,2,56.0,1,0,0,True,True,False,True,0.03508771929824561,0.16666666666666666,True,0.0,0.0,
https://doi.org,15,False,False,1,True,765460951.798795,7.08,False,False,False,True,3,296.0,1,3,296.0,False,True,True,True,0.0967741935483871,0.15384615384615385,True,0.0,0.0,
https://sapo.pt,15,False,False,1,True,0,5.61,False,False,False,True,1,45.0,1,0,0,True,True,False,True,0.0326530612244898,0.022727272727272728,True,0.006122448979591836,0.0,
https://zippyshare.com,22,False,False,1,True,524630856.34529996,5.16,False,False,False,True,1,3596.0,1,0,0,False,False,True,True,0.3333333333333333,0,True,0.0,0,
https://lavanguardia.com,24,False,False,1,True,621466210.439331,6.22,False,False,False,True,2,3589.0,1,0,0,False,True,False,True,0.014814814814814815,0.03571428571428571,True,0.0,0.0,
https://ted.com,15,False,False,1,True,897912187.114038,7.76,False,False,False,True,2,56.0,1,0,0,False,True,False,True,0.04,0.06060606060606061,True,0.04,0.0,
https://clarin.com,18,False,False,1,True,873633790.3968971,6.01,False,False,False,True,2,297.0,1,2,297.0,True,False,True,True,0.013468013468013467,0.07142857142857142,True,0.010101010101010102,0.07142857142857142,
https://www.over-blog.com,25,False,False,2,True,604440727.8101921,4.78,False,True,False,True,3,3596.0,1,0,0,True,True,True,True,0.017543859649122806,0.125,True,0.017543859649122806,0.0,
https://google.co.in,20,False,False,2,True,625802445.722851,6.64,False,False,False,True,1,296.0,1,1,296.0,False,True,True,True,0.05,0,True,0.0,0,
https://google.ca,17,False,False,1,True,711553319.0092499,6.79,False,False,False,True,1,296.0,1,1,296.0,False,True,True,True,0.05,0,True,0.0,0,
https://theverge.com,20,False,False,1,True,771422605.34762,7.41,False,False,False,True,4,26.0,1,0,0,False,True,True,True,0.06521739130434782,0.058823529411764705,True,0.021739130434782608,0.0,
https://linktr.ee,17,False,False,1,True,224708461.58342695,7.77,False,False,False,True,4,7.0,1,0,0,False,True,False,True,0.04395604395604396,0.06060606060606061,True,0.0,0.0,
https://reg.ru,14,False,False,1,True,551390612.796067,5.49,False,False,False,True,1,7196.0,1,1,7196.0,False,True,True,True,0,0,False,0,0,
https://netlify.app,19,False,False,1,True,156359731.06803298,4.57,False,False,False,True,2,16.0,1,2,16.0,True,True,True,True,0.041176470588235294,0.02197802197802198,True,0.0058823529411764705,0.0,
https://about.com,17,False,False,1,True,760964620.4693141,5.43,False,False,False,True,4,596.0,1,4,596.0,False,True,True,True,0.06896551724137931,0.09090909090909091,True,0.0,0.0,
https://arxiv.org,17,False,False,1,True,767361825.392914,7.05,False,False,False,True,1,295.0,1,0,0,False,True,False,True,0.011363636363636364,0.1,True,0.003787878787878788,0.0,
https://salesforce.com,22,False,False,1,True,769608228.7950971,7.07,False,False,False,True,8,116.0,1,0,0,True,True,False,True,0.028037383177570093,0.03636363636363636,True,0.0,0.0,
https://marriott.com,20,False,False,1,True,955973032.529355,6.54,False,False,False,True,1,16.0,1,0,0,False,True,False,True,0.0664451827242525,0,True,0.0664451827242525,0,
https://ads.google.com,22,False,False,2,True,807883436.068017,7.34,False,False,False,True,1,296.0,1,1,296.0,False,True,True,True,0.06557377049180328,0.03125,True,0.0,0.0,
https://ap.org,14,False,False,1,True,1001765040.9820781,5.57,False,False,False,True,1,15.0,1,2,15.0,True,True,True,True,0.16666666666666666,0,True,0.041666666666666664,0,
https://nicovideo.jp,20,False,False,1,True,0,6.87,False,False,False,True,1,294.0,1,0,0,True,False,False,True,0.10666666666666667,0,True,0.0,0,
https://weather.com,19,False,False,1,True,905774649.59693,6.45,False,False,False,True,1,17.0,1,0,0,False,True,True,True,0.05333333333333334,1.0,True,0.0,0.0,
https://news.com.au,19,False,False,2,True,0,6.03,False,False,False,True,1,12.0,1,0,0,False,True,False,True,0.011842105263157895,0.023255813953488372,True,0.005263157894736842,0.023255813953488372,
https://evernote.com,20,False,False,1,True,733839940.936768,7.19,False,False,False,True,1,3597.0,1,0,0,True,True,True,True,0.04580152671755725,0.014492753623188406,True,0.022900763358778626,0.014492753623188406,
https://newscientist.com,24,False,False,1,True,875189065.657795,6.44,False,False,False,True,1,0.0,1,0,0,True,True,True,True,0.038834951456310676,0.08,True,0.038834951456310676,0.08,
https://over-blog-kiwi.com,26,False,False,1,True,357512957.666708,4.28,False,True,False,True,1,3595.0,1,0,0,True,False,True,True,0.017543859649122806,0.125,True,0.017543859649122806,0.0,
https://soratemplates.com,25,False,False,1,True,345395329.4696679,4.83,False,False,False,True,4,3596.0,1,0,0,True,False,False,True,0.06349206349206349,0,True,0.0,0,
https://focus.de,16,False,False,1,True,0,6.11,False,False,False,True,2,17.0,1,2,17.0,True,False,False,True,0.07653701380175659,0.02531645569620253,True,0.005018820577164366,0.0,
https://cbslocal.com,20,False,False,1,True,556924983.9052131,5.28,False,False,False,True,4,295.0,1,0,0,False,False,False,True,0.023255813953488372,0.125,True,0.023255813953488372,0.0,
https://jhu.edu,15,False,False,1,True,0,5.62,False,False,False,True,1,3596.0,1,0,0,True,False,True,True,0.028409090909090908,0,True,0.0,0,
https://tes.com,15,False,False,1,True,926424288.7525251,5.69,False,False,False,True,4,297.0,1,4,297.0,True,False,True,True,0.06172839506172839,0.07692307692307693,True,0.0,0.0,
https://g.co,12,False,False,1,True,409911257.61430407,7.59,False,False,False,True,1,295.0,1,1,295.0,False,False,False,True,0.5,0,True,0.0,0,
https://google.com.tw,21,False,False,2,True,714634928.519047,6.19,False,False,False,True,1,296.0,1,1,296.0,False,True,True,True,0.05,0,True,0.0,0,
https://lg.com,14,False,False,1,True,879595506.2501869,6.19,False,False,False,True,2,292.0,1,0,0,True,False,True,True,0.08390646492434663,0.025806451612903226,True,0.08528198074277854,0.01935483870967742,
https://bustle.com,18,False,False,1,True,648153922.6564231,6.15,False,False,False,True,4,56.0,1,0,0,False,True,False,True,0.018518518518518517,0,True,0.0,0,
https://google.com.au,21,False,False,2,True,0,6.67,False,False,False,True,1,296.0,1,1,296.0,False,True,True,True,0.05,0,True,0.0,0,
https://repubblica.it,21,False,False,1,True,850061119.451338,6.23,False,False,False,True,4,55.0,1,0,0,False,False,False,True,0.15777262180974477,0,True,0.0,0,
https://corriere.it,19,False,False,1,True,859309525.3152211,6.02,False,False,False,True,1,295.0,1,0,0,False,False,False,True,0.011794439764111205,0.043478260869565216,True,0.007582139848357203,0.0,
https://google.co.th,20,False,False,2,True,0,5.97,False,False,False,True,1,291.0,1,1,291.0,False,True,True,True,0.05,0,True,0.0,0,
https://marketwatch.com,23,False,False,1,True,811857938.7750771,7.42,False,False,False,True,4,56.0,1,0,0,False,False,False,True,0.022321428571428572,0.06060606060606061,True,0.004464285714285714,0.0,
https://mynavi.jp,17,False,False,1,True,0,5.09,False,False,False,True,4,53.0,1,0,0,True,False,False,True,0.033707865168539325,0.07692307692307693,True,0.0,0.0,
https://softonic.com,20,False,False,1,True,733102254.777978,4.62,False,False,False,True,1,596.0,1,0,0,True,False,False,True,0.0064,0.03125,True,0.0,0.0,
https://usgs.gov,16,False,False,1,True,0,6.36,False,False,False,True,1,57.0,1,1,57.0,True,True,True,True,0.03550295857988166,0.028985507246376812,True,0.008875739644970414,0.014492753623188406,
https://biblegateway.com,24,False,False,1,True,790945557.0759189,6.24,False,False,False,True,4,56.0,1,8,56.0,False,True,True,True,0.038461538461538464,0.05,True,0.0,0.0,
https://chaturbate.com,22,False,False,1,True,383488500.5805359,5.17,False,False,False,True,2,20.0,1,2,20.0,False,True,False,True,0.05555555555555555,0,True,0.008680555555555556,0,
https://goo.ne.jp,17,False,False,2,True,0,5.3,False,False,False,True,1,294.0,1,0,0,True,False,False,True,0.06306306306306306,0.07142857142857142,True,0.06306306306306306,0.0,
https://airbnb.com,18,False,False,1,True,464258230.36617994,7.41,False,False,False,True,3,25.0,1,0,0,False,True,False,True,0.06060606060606061,0.043478260869565216,True,0.030303030303030304,0.0,
https://si.edu,14,False,False,1,True,0,6.26,False,False,False,True,1,7196.0,1,0,0,True,True,False,True,0.014634146341463415,0.058823529411764705,True,0.0,0.0,
https://typeform.com,20,False,False,1,True,657582145.108216,5.76,False,False,False,True,4,57.0,1,0,0,True,False,False,True,0.06206896551724138,0.5,True,0.0,0.0,
https://fedoraproject.org,25,False,False,1,True,617780052.5976689,5.96,False,False,False,True,6,57.0,1,4,57.0,False,True,True,True,0.029850746268656716,0.037383177570093455,True,0.0,0.0,
https://mysql.com,17,False,False,1,True,764165187.688487,6.22,False,False,False,True,1,56.0,1,0,0,False,True,False,True,0.037037037037037035,0.041666666666666664,True,0.0,0.0,
https://cisco.com,17,False,False,1,True,1134216391.659618,6.69,False,False,False,True,1,596.0,1,1,596.0,False,False,False,True,0.06,0.058823529411764705,True,0.0,0.0,
https://excite.co.jp,20,False,False,2,True,0,5.58,False,False,False,True,1,294.0,1,0,0,True,False,False,True,0.02040816326530612,0.047619047619047616,True,0.0,0.0,
https://oecd.org,16,False,False,1,True,894888402.1521189,6.52,False,False,False,True,1,655.0,1,0,0,True,True,True,True,0.11428571428571428,0.07142857142857142,True,0.02,0.07142857142857142,
https://orange.fr,17,False,False,1,True,701114809.206769,5.41,False,False,False,True,3,3594.0,1,0,0,False,False,False,True,1.0,0,True,0.0,0,
https://kakao.com,17,False,False,1,True,830347620.5219271,5.39,False,False,False,True,1,590.0,1,0,0,False,True,True,True,0.1875,0.19642857142857142,True,0.0,0.0,
https://howstuffworks.com,25,False,False,1,True,782050024.191793,5.64,False,False,False,True,4,56.0,1,0,0,True,False,False,True,0.05660377358490566,0,True,0.05660377358490566,0,
https://qz.com,14,False,False,1,True,759841658.5064061,7.11,False,False,False,True,4,57.0,1,0,0,True,True,False,True,0.053763440860215055,0,True,0.0,0,
https://admin.ch,16,False,False,1,True,0,6.08,False,False,False,True,1,3595.0,1,0,0,True,True,True,True,0.043478260869565216,0.029850746268656716,True,0.050724637681159424,0.0,
https://ieee.org,16,False,False,1,True,1053691700.3486919,6.12,False,False,False,True,2,415.0,1,0,0,False,True,True,True,0.08169934640522876,0.025,True,0.08169934640522876,0.0,
https://com.com,15,False,False,1,True,884434110.945682,4.17,False,False,False,True,12,596.0,1,0,0,False,True,True,True,0,0,False,0,0,
https://public-api.wordpress.com,32,False,False,2,True,730094111.291923,5.95,False,True,False,True,2,597.0,1,0,0,False,False,False,True,0.0102880658436214,0,True,0.00411522633744856,0,
https://abc.com,15,False,False,1,True,849442117.744726,6.24,False,False,False,True,4,56.0,1,0,0,False,True,False,True,0.01593625498007968,0.03225806451612903,True,0.00796812749003984,0.0,
https://blog.fc2.com,20,False,False,2,True,755010161.8494179,4.76,False,False,False,True,1,296.0,1,0,0,True,True,True,True,0.013953488372093023,0,True,0.0,0,
https://waze.com,16,False,False,1,True,727592937.641186,6.41,False,False,False,True,1,54.0,1,0,0,True,True,False,True,0,0,False,0,0,
https://noaa.gov,16,False,False,1,True,0,5.98,False,False,False,True,2,896.0,1,2,896.0,False,True,True,True,0.07575757575757576,0,True,0.0,0,
https://pnas.org,16,False,False,1,True,854622540.4245889,6.61,False,False,False,True,2,293.0,1,0,0,True,True,True,True,0.08868501529051988,0.3333333333333333,True,0.08868501529051988,0.3333333333333333,
https://archives.gov,20,False,False,1,True,0,6.12,False,False,False,True,2,296.0,1,2,296.0,True,True,False,True,0.0273972602739726,0.03636363636363636,True,0.0,0.0,
https://thoughtco.com,21,False,False,1,True,323817564.40975404,6.25,False,False,False,True,4,589.0,1,4,589.0,True,False,True,True,0.05825242718446602,0.0625,True,0.0,0.0,
https://last.fm,15,False,False,1,True,665510967.998905,6.9,False,False,False,True,1,290.0,1,0,0,False,True,False,True,0.08163265306122448,0.08333333333333333,True,0.0,0.0,
https://bigcommerce.com,23,False,False,1,True,763733370.224057,6.36,False,False,False,True,1,897.0,1,0,0,True,True,True,True,0.031746031746031744,0.023809523809523808,True,0.01904761904761905,0.0,
https://billboard.com,21,False,False,1,True,834840573.1908901,7.02,False,False,False,True,1,297.0,1,0,0,True,False,False,True,0.029239766081871343,0.07017543859649122,True,0.029239766081871343,0.03508771929824561,
https://justgiving.com,22,False,False,1,True,723427137.0849259,6.3,False,False,False,True,4,56.0,1,0,0,True,False,False,True,1.0,0,True,0.0,0,
https://hbr.org,15,False,False,1,True,832421381.829025,6.93,False,False,False,True,4,57.0,1,0,0,False,True,True,True,0.24897959183673468,0.034482758620689655,True,0.24897959183673468,0.0,
https://digg.com,16,False,False,1,True,731117669.8676741,6.82,False,False,False,True,3,296.0,1,0,0,True,True,True,True,0.03977272727272727,0.09090909090909091,True,0.03977272727272727,0.0,
https://ucoz.ru,15,False,False,1,True,557611790.5096419,4.85,False,False,False,True,1,3560.0,1,0,0,True,True,True,True,0.056818181818181816,0,True,0.0,0,
https://teamviewer.com,22,False,False,1,True,586383483.756429,5.95,False,False,False,True,1,296.0,1,0,0,True,True,False,True,0.10465116279069768,0.18556701030927836,True,0.005813953488372093,0.010309278350515464,
https://snapchat.com,20,False,False,1,True,351722434.06894803,6.87,False,False,False,True,1,54.0,1,0,0,False,False,False,True,0.12727272727272726,0,True,0.0,0,
https://pinterest.de,20,False,False,1,True,0,6.17,False,False,False,True,4,597.0,1,0,0,False,False,False,True,1.0,0,True,0.0,0,
https://usda.gov,16,False,False,1,True,0,6.25,False,False,False,True,1,7195.0,1,0,0,True,True,True,True,0.03225806451612903,0.04878048780487805,True,0.008064516129032258,0.024390243902439025,
https://trustpilot.com,22,False,False,1,True,498966640.47541094,6.71,False,False,False,True,3,56.0,1,0,0,False,True,False,True,0.015789473684210527,0.034482758620689655,True,0.0,0.0,
https://rottentomatoes.com,26,False,False,1,True,755508823.6248529,6.37,False,False,False,True,1,6.0,1,2,6.0,False,True,False,True,0.02,0.07692307692307693,True,0.0,0.0,
https://tvtropes.org,20,False,False,1,True,569820852.855777,5.89,False,False,False,True,4,57.0,1,8,57.0,False,True,False,True,0.058823529411764705,0.043478260869565216,True,0.0,0.0,
https://redhat.com,18,False,False,1,True,912255023.4853449,6.29,False,False,False,True,2,595.0,1,0,0,False,True,False,True,0.029345372460496615,0,True,0.029345372460496615,0,
https://debian.org,18,False,False,1,True,761137826.894023,6.3,False,False,False,True,3,296.0,1,3,296.0,False,True,True,True,0.03278688524590164,0.030303030303030304,True,0.01639344262295082,0.0,
https://prnewswire.com,22,False,False,1,True,882187831.062238,7.16,False,False,False,True,1,3597.0,1,0,0,False,True,True,True,0.017699115044247787,0.03076923076923077,True,0.017699115044247787,0.0,
https://hollywoodreporter.com,29,False,False,1,True,875621434.01807,6.42,False,False,False,True,1,297.0,1,0,0,True,False,False,True,0.024793388429752067,0.05263157894736842,True,0.008264462809917356,0.02631578947368421,
https://oreilly.com,19,False,False,1,True,817474238.1177499,6.38,False,False,False,True,2,296.0,1,0,0,True,False,False,True,0.04411764705882353,0.0625,True,0.0,0.0,
https://namebright.com,22,False,False,1,True,569261787.728328,4.96,False,False,False,True,3,295.0,1,3,295.0,True,False,False,True,0.09836065573770492,0,True,0.08196721311475409,0,
https://safety.google,21,False,False,1,True,157484420.96737194,6.88,False,False,False,True,1,297.0,1,0,0,True,True,False,True,0.046153846153846156,0.125,True,0.0,0.0,
https://thefreedictionary.com,29,False,False,1,True,627329875.946584,5.88,False,False,False,True,3,3594.0,1,0,0,True,True,False,True,0.08835341365461848,0.25,True,0.008032128514056224,0.0,
https://giphy.com,17,False,False,1,True,328144473.689482,7.05,False,False,False,True,4,297.0,1,0,0,True,True,True,True,0,0,False,0,0,
https://business.google.com,27,False,False,2,True,807883859.5683169,6.87,False,False,False,True,1,295.0,1,1,295.0,False,True,False,True,0.08333333333333333,0.5,True,0.0,0.0,
https://theglobeandmail.com,27,False,False,1,True,870783064.444843,6.6,False,False,False,True,1,7195.0,1,0,0,True,True,False,True,0.013824884792626729,0,True,0.004608294930875576,0,
https://apnews.com,18,False,False,1,True,1002888669.091649,6.94,False,False,False,True,1,295.0,1,0,0,True,True,True,True,0.034722222222222224,0,True,0.0,0,
https://adweek.com,18,False,False,1,True,880805473.266799,6.91,False,False,False,True,2,56.0,1,0,0,True,False,False,True,0.04395604395604396,0.058823529411764705,True,0.003663003663003663,0.0,
https://esa.int,15,False,False,1,True,0,6.4,False,False,False,True,1,7195.0,1,0,0,False,True,True,True,0.038461538461538464,0,True,0.0,0,
